-- phpMyAdmin SQL Dump
-- version 5.0.1
-- https://www.phpmyadmin.net/
--
-- Host: 127.0.0.1
-- Generation Time: Dec 18, 2023 at 05:10 AM
-- Server version: 10.4.11-MariaDB
-- PHP Version: 7.4.3

SET SQL_MODE = "NO_AUTO_VALUE_ON_ZERO";
SET AUTOCOMMIT = 0;
START TRANSACTION;
SET time_zone = "+00:00";


/*!40101 SET @OLD_CHARACTER_SET_CLIENT=@@CHARACTER_SET_CLIENT */;
/*!40101 SET @OLD_CHARACTER_SET_RESULTS=@@CHARACTER_SET_RESULTS */;
/*!40101 SET @OLD_COLLATION_CONNECTION=@@COLLATION_CONNECTION */;
/*!40101 SET NAMES utf8mb4 */;

--
-- Database: `absen`
--

-- --------------------------------------------------------

--
-- Table structure for table `auth_activation_attempts`
--

CREATE TABLE `auth_activation_attempts` (
  `id` int(11) UNSIGNED NOT NULL,
  `ip_address` varchar(255) NOT NULL,
  `user_agent` varchar(255) NOT NULL,
  `token` varchar(255) DEFAULT NULL,
  `created_at` datetime NOT NULL
) ENGINE=InnoDB DEFAULT CHARSET=utf8;

-- --------------------------------------------------------

--
-- Table structure for table `auth_groups`
--

CREATE TABLE `auth_groups` (
  `id` int(11) UNSIGNED NOT NULL,
  `name` varchar(255) NOT NULL,
  `description` varchar(255) NOT NULL
) ENGINE=InnoDB DEFAULT CHARSET=utf8;

-- --------------------------------------------------------

--
-- Table structure for table `auth_groups_permissions`
--

CREATE TABLE `auth_groups_permissions` (
  `group_id` int(11) UNSIGNED NOT NULL DEFAULT 0,
  `permission_id` int(11) UNSIGNED NOT NULL DEFAULT 0
) ENGINE=InnoDB DEFAULT CHARSET=utf8;

-- --------------------------------------------------------

--
-- Table structure for table `auth_groups_users`
--

CREATE TABLE `auth_groups_users` (
  `group_id` int(11) UNSIGNED NOT NULL DEFAULT 0,
  `user_id` int(11) UNSIGNED NOT NULL DEFAULT 0
) ENGINE=InnoDB DEFAULT CHARSET=utf8;

-- --------------------------------------------------------

--
-- Table structure for table `auth_logins`
--

CREATE TABLE `auth_logins` (
  `id` int(11) UNSIGNED NOT NULL,
  `ip_address` varchar(255) DEFAULT NULL,
  `email` varchar(255) DEFAULT NULL,
  `user_id` int(11) UNSIGNED DEFAULT NULL,
  `date` datetime NOT NULL,
  `success` tinyint(1) NOT NULL
) ENGINE=InnoDB DEFAULT CHARSET=utf8;

--
-- Dumping data for table `auth_logins`
--

INSERT INTO `auth_logins` (`id`, `ip_address`, `email`, `user_id`, `date`, `success`) VALUES
(1, '::1', 'admin12', NULL, '2023-12-18 01:34:07', 0),
(2, '::1', 'admin@gmail.com', 1, '2023-12-18 01:36:22', 1),
(3, '::1', 'admin@gmail.com', 1, '2023-12-18 01:56:48', 1),
(4, '::1', 'admin@gmail.com', 1, '2023-12-18 02:20:47', 1),
(5, '::1', 'admin@gmail.com', 1, '2023-12-18 02:34:47', 1),
(6, '::1', 'admin@gmail.com', 1, '2023-12-18 02:34:47', 1),
(7, '::1', 'admin@gmail.com', 1, '2023-12-18 03:23:42', 1),
(8, '::1', 'admin@gmail.com', 1, '2023-12-18 03:23:42', 1);

-- --------------------------------------------------------

--
-- Table structure for table `auth_permissions`
--

CREATE TABLE `auth_permissions` (
  `id` int(11) UNSIGNED NOT NULL,
  `name` varchar(255) NOT NULL,
  `description` varchar(255) NOT NULL
) ENGINE=InnoDB DEFAULT CHARSET=utf8;

-- --------------------------------------------------------

--
-- Table structure for table `auth_reset_attempts`
--

CREATE TABLE `auth_reset_attempts` (
  `id` int(11) UNSIGNED NOT NULL,
  `email` varchar(255) NOT NULL,
  `ip_address` varchar(255) NOT NULL,
  `user_agent` varchar(255) NOT NULL,
  `token` varchar(255) DEFAULT NULL,
  `created_at` datetime NOT NULL
) ENGINE=InnoDB DEFAULT CHARSET=utf8;

-- --------------------------------------------------------

--
-- Table structure for table `auth_tokens`
--

CREATE TABLE `auth_tokens` (
  `id` int(11) UNSIGNED NOT NULL,
  `selector` varchar(255) NOT NULL,
  `hashedValidator` varchar(255) NOT NULL,
  `user_id` int(11) UNSIGNED NOT NULL,
  `expires` datetime NOT NULL
) ENGINE=InnoDB DEFAULT CHARSET=utf8;

-- --------------------------------------------------------

--
-- Table structure for table `auth_users_permissions`
--

CREATE TABLE `auth_users_permissions` (
  `user_id` int(11) UNSIGNED NOT NULL DEFAULT 0,
  `permission_id` int(11) UNSIGNED NOT NULL DEFAULT 0
) ENGINE=InnoDB DEFAULT CHARSET=utf8;

-- --------------------------------------------------------

--
-- Table structure for table `migrations`
--

CREATE TABLE `migrations` (
  `id` bigint(20) UNSIGNED NOT NULL,
  `version` varchar(255) NOT NULL,
  `class` varchar(255) NOT NULL,
  `group` varchar(255) NOT NULL,
  `namespace` varchar(255) NOT NULL,
  `time` int(11) NOT NULL,
  `batch` int(11) UNSIGNED NOT NULL
) ENGINE=InnoDB DEFAULT CHARSET=utf8;

--
-- Dumping data for table `migrations`
--

INSERT INTO `migrations` (`id`, `version`, `class`, `group`, `namespace`, `time`, `batch`) VALUES
(1, '2017-11-20-223112', 'Myth\\Auth\\Database\\Migrations\\CreateAuthTables', 'default', 'Myth\\Auth', 1702863216, 1);

-- --------------------------------------------------------

--
-- Table structure for table `tb_absensi`
--

CREATE TABLE `tb_absensi` (
  `id_absensi` int(11) NOT NULL,
  `id_rapat` int(11) NOT NULL,
  `jabatan` varchar(50) NOT NULL,
  `nama` varchar(50) NOT NULL,
  `absensi` varchar(10) NOT NULL,
  `no_peg` varchar(30) NOT NULL,
  `tanggal` date DEFAULT curdate(),
  `deleted_at` timestamp NULL DEFAULT NULL
) ENGINE=InnoDB DEFAULT CHARSET=utf8mb4;

--
-- Dumping data for table `tb_absensi`
--

INSERT INTO `tb_absensi` (`id_absensi`, `id_rapat`, `jabatan`, `nama`, `absensi`, `no_peg`, `tanggal`, `deleted_at`) VALUES
(25, 1, 'ojboj', 'iubniljbn', 'Hadir', 'ijb', '2023-12-14', NULL),
(26, 2, 'ibhhb', 'hubhbuh', 'Hadir', 'hub', '2023-12-14', NULL),
(27, 3, 'lijnilj', 'injikjn', 'Izin', 'ijhblj', '2023-12-14', NULL),
(28, 4, 'nlhib', 'hbhbj', 'Hadir', 'lijblijb', '2023-12-14', NULL),
(29, 5, 'e', 'wqffeg', 'Hadir', 'egs', '2023-12-14', NULL),
(33, 1, 'bro', 'ilhan', 'Hadir', '00', '2023-12-14', NULL),
(34, 1, 'bro', 'ilhan', 'Hadir', '00', '2023-12-14', NULL),
(35, 1, 'ikea', 'ilhan', '', '00', '2023-12-18', NULL),
(36, 2, 'liu', 'ilhan', '', '33', '2023-12-18', NULL),
(37, 1, 'lai', 'ilhan', 'Hadir', '00', '2023-12-18', NULL),
(38, 2, 'lai', 'ilhan ', 'Hadir', '00', '2023-12-18', NULL),
(39, 2, 'yuo', 'ayam', 'Hadir', '99', '2023-12-18', NULL);

-- --------------------------------------------------------

--
-- Table structure for table `tb_rapat`
--

CREATE TABLE `tb_rapat` (
  `id_rapat` int(11) NOT NULL,
  `rapat` varchar(10) NOT NULL,
  `deleted_at` timestamp NULL DEFAULT NULL
) ENGINE=InnoDB DEFAULT CHARSET=utf8mb4;

--
-- Dumping data for table `tb_rapat`
--

INSERT INTO `tb_rapat` (`id_rapat`, `rapat`, `deleted_at`) VALUES
(1, '1', NULL),
(2, '2', NULL),
(3, '3', NULL),
(4, '4', NULL),
(5, '5', NULL);

-- --------------------------------------------------------

--
-- Table structure for table `users`
--

CREATE TABLE `users` (
  `id` int(11) UNSIGNED NOT NULL,
  `email` varchar(255) NOT NULL,
  `username` varchar(30) DEFAULT NULL,
  `password_hash` varchar(255) NOT NULL,
  `reset_hash` varchar(255) DEFAULT NULL,
  `reset_at` datetime DEFAULT NULL,
  `reset_expires` datetime DEFAULT NULL,
  `activate_hash` varchar(255) DEFAULT NULL,
  `status` varchar(255) DEFAULT NULL,
  `status_message` varchar(255) DEFAULT NULL,
  `active` tinyint(1) NOT NULL DEFAULT 0,
  `force_pass_reset` tinyint(1) NOT NULL DEFAULT 0,
  `created_at` datetime DEFAULT NULL,
  `updated_at` datetime DEFAULT NULL,
  `deleted_at` datetime DEFAULT NULL
) ENGINE=InnoDB DEFAULT CHARSET=utf8;

--
-- Dumping data for table `users`
--

INSERT INTO `users` (`id`, `email`, `username`, `password_hash`, `reset_hash`, `reset_at`, `reset_expires`, `activate_hash`, `status`, `status_message`, `active`, `force_pass_reset`, `created_at`, `updated_at`, `deleted_at`) VALUES
(1, 'admin@gmail.com', 'admin12', '$2y$10$chYxwke7tNEDpUEVWmEnF.npY89wjcTXjMIeHlfN8h.TLsrSInW4y', NULL, NULL, NULL, NULL, NULL, NULL, 1, 0, '2023-12-18 01:36:18', '2023-12-18 01:36:18', NULL);

--
-- Indexes for dumped tables
--

--
-- Indexes for table `auth_activation_attempts`
--
ALTER TABLE `auth_activation_attempts`
  ADD PRIMARY KEY (`id`);

--
-- Indexes for table `auth_groups`
--
ALTER TABLE `auth_groups`
  ADD PRIMARY KEY (`id`);

--
-- Indexes for table `auth_groups_permissions`
--
ALTER TABLE `auth_groups_permissions`
  ADD KEY `auth_groups_permissions_permission_id_foreign` (`permission_id`),
  ADD KEY `group_id_permission_id` (`group_id`,`permission_id`);

--
-- Indexes for table `auth_groups_users`
--
ALTER TABLE `auth_groups_users`
  ADD KEY `auth_groups_users_user_id_foreign` (`user_id`),
  ADD KEY `group_id_user_id` (`group_id`,`user_id`);

--
-- Indexes for table `auth_logins`
--
ALTER TABLE `auth_logins`
  ADD PRIMARY KEY (`id`),
  ADD KEY `email` (`email`),
  ADD KEY `user_id` (`user_id`);

--
-- Indexes for table `auth_permissions`
--
ALTER TABLE `auth_permissions`
  ADD PRIMARY KEY (`id`);

--
-- Indexes for table `auth_reset_attempts`
--
ALTER TABLE `auth_reset_attempts`
  ADD PRIMARY KEY (`id`);

--
-- Indexes for table `auth_tokens`
--
ALTER TABLE `auth_tokens`
  ADD PRIMARY KEY (`id`),
  ADD KEY `auth_tokens_user_id_foreign` (`user_id`),
  ADD KEY `selector` (`selector`);

--
-- Indexes for table `auth_users_permissions`
--
ALTER TABLE `auth_users_permissions`
  ADD KEY `auth_users_permissions_permission_id_foreign` (`permission_id`),
  ADD KEY `user_id_permission_id` (`user_id`,`permission_id`);

--
-- Indexes for table `migrations`
--
ALTER TABLE `migrations`
  ADD PRIMARY KEY (`id`);

--
-- Indexes for table `tb_absensi`
--
ALTER TABLE `tb_absensi`
  ADD PRIMARY KEY (`id_absensi`),
  ADD KEY `sesi` (`id_rapat`);

--
-- Indexes for table `tb_rapat`
--
ALTER TABLE `tb_rapat`
  ADD PRIMARY KEY (`id_rapat`);

--
-- Indexes for table `users`
--
ALTER TABLE `users`
  ADD PRIMARY KEY (`id`),
  ADD UNIQUE KEY `email` (`email`),
  ADD UNIQUE KEY `username` (`username`);

--
-- AUTO_INCREMENT for dumped tables
--

--
-- AUTO_INCREMENT for table `auth_activation_attempts`
--
ALTER TABLE `auth_activation_attempts`
  MODIFY `id` int(11) UNSIGNED NOT NULL AUTO_INCREMENT;

--
-- AUTO_INCREMENT for table `auth_groups`
--
ALTER TABLE `auth_groups`
  MODIFY `id` int(11) UNSIGNED NOT NULL AUTO_INCREMENT;

--
-- AUTO_INCREMENT for table `auth_logins`
--
ALTER TABLE `auth_logins`
  MODIFY `id` int(11) UNSIGNED NOT NULL AUTO_INCREMENT, AUTO_INCREMENT=9;

--
-- AUTO_INCREMENT for table `auth_permissions`
--
ALTER TABLE `auth_permissions`
  MODIFY `id` int(11) UNSIGNED NOT NULL AUTO_INCREMENT;

--
-- AUTO_INCREMENT for table `auth_reset_attempts`
--
ALTER TABLE `auth_reset_attempts`
  MODIFY `id` int(11) UNSIGNED NOT NULL AUTO_INCREMENT;

--
-- AUTO_INCREMENT for table `auth_tokens`
--
ALTER TABLE `auth_tokens`
  MODIFY `id` int(11) UNSIGNED NOT NULL AUTO_INCREMENT;

--
-- AUTO_INCREMENT for table `migrations`
--
ALTER TABLE `migrations`
  MODIFY `id` bigint(20) UNSIGNED NOT NULL AUTO_INCREMENT, AUTO_INCREMENT=2;

--
-- AUTO_INCREMENT for table `tb_absensi`
--
ALTER TABLE `tb_absensi`
  MODIFY `id_absensi` int(11) NOT NULL AUTO_INCREMENT, AUTO_INCREMENT=40;

--
-- AUTO_INCREMENT for table `tb_rapat`
--
ALTER TABLE `tb_rapat`
  MODIFY `id_rapat` int(11) NOT NULL AUTO_INCREMENT, AUTO_INCREMENT=6;

--
-- AUTO_INCREMENT for table `users`
--
ALTER TABLE `users`
  MODIFY `id` int(11) UNSIGNED NOT NULL AUTO_INCREMENT, AUTO_INCREMENT=2;

--
-- Constraints for dumped tables
--

--
-- Constraints for table `auth_groups_permissions`
--
ALTER TABLE `auth_groups_permissions`
  ADD CONSTRAINT `auth_groups_permissions_group_id_foreign` FOREIGN KEY (`group_id`) REFERENCES `auth_groups` (`id`) ON DELETE CASCADE,
  ADD CONSTRAINT `auth_groups_permissions_permission_id_foreign` FOREIGN KEY (`permission_id`) REFERENCES `auth_permissions` (`id`) ON DELETE CASCADE;

--
-- Constraints for table `auth_groups_users`
--
ALTER TABLE `auth_groups_users`
  ADD CONSTRAINT `auth_groups_users_group_id_foreign` FOREIGN KEY (`group_id`) REFERENCES `auth_groups` (`id`) ON DELETE CASCADE,
  ADD CONSTRAINT `auth_groups_users_user_id_foreign` FOREIGN KEY (`user_id`) REFERENCES `users` (`id`) ON DELETE CASCADE;

--
-- Constraints for table `auth_tokens`
--
ALTER TABLE `auth_tokens`
  ADD CONSTRAINT `auth_tokens_user_id_foreign` FOREIGN KEY (`user_id`) REFERENCES `users` (`id`) ON DELETE CASCADE;

--
-- Constraints for table `auth_users_permissions`
--
ALTER TABLE `auth_users_permissions`
  ADD CONSTRAINT `auth_users_permissions_permission_id_foreign` FOREIGN KEY (`permission_id`) REFERENCES `auth_permissions` (`id`) ON DELETE CASCADE,
  ADD CONSTRAINT `auth_users_permissions_user_id_foreign` FOREIGN KEY (`user_id`) REFERENCES `users` (`id`) ON DELETE CASCADE;

--
-- Constraints for table `tb_absensi`
--
ALTER TABLE `tb_absensi`
  ADD CONSTRAINT `sesi` FOREIGN KEY (`id_rapat`) REFERENCES `tb_rapat` (`id_rapat`) ON DELETE CASCADE ON UPDATE CASCADE;
COMMIT;

/*!40101 SET CHARACTER_SET_CLIENT=@OLD_CHARACTER_SET_CLIENT */;
/*!40101 SET CHARACTER_SET_RESULTS=@OLD_CHARACTER_SET_RESULTS */;
/*!40101 SET COLLATION_CONNECTION=@OLD_COLLATION_CONNECTION */;
